Sr. No.,uid
1,36096
2,43265
3,59266
4,51716
5,30087
6,87303
7,25998
8,54030
9,48275
10,25108
11,22548
12,30486
13,13591
14,85913
15,43035
16,70684
17,18588
18,35102
19,67106
20,61603
21,57506
22,60069
23,47400
24,47913
25,55465
26,25513
27,84908
28,99757
29,76713
30,82479
31,32304
32,59567
33,55731
34,91318
35,83767
36,35640
37,83897
38,84537
39,21181
40,17600
41,10563
42,57156
43,37323
44,63179
45,68814
46,20432
47,28628
48,88663
49,86743
50,80345
51,29404
52,60509
53,95068
54,50017
55,57699
56,10852
57,35685
58,65510
59,21480
60,57961
61,75498
62,65259
63,17899
64,90220
65,14065
66,86002
67,69875
68,24447
69,65279
